{"stats":{"minecraft:mined":{"minecraft:furnace":1,"minecraft:birch_log":8,"minecraft:birch_leaves":2,"minecraft:crafting_table":3,"minecraft:grass":1,"minecraft:coal_ore":1,"minecraft:oak_log":29,"minecraft:stone":148,"minecraft:oak_planks":1},"minecraft:killed":{"minecraft:sheep":3},"minecraft:picked_up":{"minecraft:birch_log":8,"minecraft:crafting_table":3,"minecraft:oak_log":29,"minecraft:gray_wool":1,"minecraft:oak_sapling":3,"minecraft:coal":1,"minecraft:mutton":6,"minecraft:oak_planks":1,"minecraft:white_wool":2,"minecraft:cobblestone":148,"minecraft:furnace":1},"minecraft:crafted":{"epicfight:stone_spear":1,"minecraft:charcoal":5,"minecraft:crafting_table":2,"minecraft:stick":16,"minecraft:wooden_pickaxe":1,"minecraft:stone_pickaxe":2,"minecraft:wooden_axe":1,"minecraft:stone_sword":1,"minecraft:furnace":1,"minecraft:torch":12,"minecraft:birch_planks":32,"minecraft:stone_axe":1,"minecraft:air":0,"minecraft:cooked_mutton":6},"minecraft:broken":{"minecraft:stone_pickaxe":1},"minecraft:custom":{"minecraft:time_since_rest":13514,"minecraft:interact_with_furnace":11,"minecraft:sprint_one_cm":47848,"minecraft:walk_one_cm":30848,"minecraft:mob_kills":3,"minecraft:damage_dealt":240,"minecraft:swim_one_cm":2099,"minecraft:interact_with_crafting_table":10,"minecraft:fly_one_cm":46311,"minecraft:crouch_one_cm":18212,"minecraft:play_time":13514,"minecraft:sneak_time":3698,"minecraft:walk_under_water_one_cm":106,"minecraft:jump":105,"minecraft:leave_game":1,"minecraft:time_since_death":13514,"minecraft:walk_on_water_one_cm":298,"minecraft:total_world_time":13514,"minecraft:climb_one_cm":12,"minecraft:fall_one_cm":2775},"minecraft:used":{"minecraft:cooked_mutton":2,"minecraft:wooden_axe":41,"minecraft:stone_pickaxe":132,"minecraft:wooden_pickaxe":18,"minecraft:stone_axe":2,"minecraft:torch":2,"minecraft:crafting_table":5,"minecraft:furnace":2}},"DataVersion":3465}