{"stats":{"minecraft:dropped":{"stalwart_dungeons:ancient_fire":1,"minecraft:dirt":1,"minecraft:iron_axe":1,"securitycraft:keypad_chest":2},"minecraft:killed_by":{"born_in_chaos_v1:nightmare_stalker":1},"minecraft:mined":{"minecraft:mud":1,"minecraft:mangrove_roots":3,"minecraft:spruce_log":43,"minecraft:powder_snow":1,"minecraft:stripped_spruce_log":1,"minecraft:grass":1,"minecraft:acacia_log":19,"minecraft:grass_block":3,"minecraft:dirt":1},"minecraft:picked_up":{"minecraft:mud":1,"minecraft:stick":7,"born_in_chaos_v1:serpumpkinhead_m":1,"minecraft:acacia_log":19,"born_in_chaos_v1:ethereal_spirit":1,"stalwart_dungeons:ancient_fire":2,"born_in_chaos_v1:dark_rod":1,"minecraft:nether_brick":17,"minecraft:stripped_spruce_log":1,"minecraft:spruce_sapling":4,"minecraft:spruce_log":19,"securitycraft:keypad_chest":2,"epicfight:iron_longsword":1,"minecraft:dirt":5,"minecraft:iron_axe":1,"minecraft:rotten_flesh":4,"minecraft:wheat_seeds":1,"minecraft:iron_ingot":1,"minecraft:mangrove_roots":3,"minecraft:blaze_rod":8},"minecraft:custom":{"minecraft:time_since_rest":600,"minecraft:sprint_one_cm":120735,"minecraft:damage_taken":585,"minecraft:walk_one_cm":205831,"minecraft:mob_kills":13,"minecraft:drop":5,"minecraft:damage_dealt":4184,"minecraft:play_record":1,"minecraft:damage_dealt_absorbed":41071,"minecraft:fly_one_cm":939214,"minecraft:open_chest":2,"minecraft:crouch_one_cm":531,"minecraft:play_time":42446,"minecraft:deaths":2,"minecraft:sneak_time":243,"minecraft:jump":286,"minecraft:interact_with_blast_furnace":1,"minecraft:leave_game":2,"minecraft:walk_on_water_one_cm":2655,"minecraft:time_since_death":518,"minecraft:climb_one_cm":4856,"minecraft:total_world_time":42446,"minecraft:fall_one_cm":4801},"minecraft:killed":{"minecraft:zombie":1,"stalwart_dungeons:nether_wart_cocoon":1,"born_in_chaos_v1:dark_vortex":1,"stalwart_dungeons:giddy_blaze":8,"born_in_chaos_v1:zombie_bruiser":1,"stalwart_dungeons:nether_keeper":1},"minecraft:used":{"minecraft:mud":1,"born_in_chaos_v1:supreme_measure":8,"stalwart_dungeons:nether_keeper_spawn_egg":1,"epicfight:skillbook":3,"minecraft:iron_axe":80,"securitycraft:keypad_chest":1,"minecraft:iron_helmet":1,"stalwart_dungeons:tungsten_sword":36,"epicfight:iron_longsword":23,"born_in_chaos_v1:serpumpkinhead_m":1,"minecraft:iron_chestplate":1,"minecraft:dirt":1,"stalwart_dungeons:giddy_blaze_spawn_egg":1,"minecraft:jukebox":1}},"DataVersion":3465}