{"stats":{"minecraft:mined":{"minecraft:spruce_log":43,"minecraft:stripped_spruce_log":1,"minecraft:powder_snow":1},"minecraft:picked_up":{"minecraft:stick":2,"born_in_chaos_v1:serpumpkinhead_m":1,"minecraft:stripped_spruce_log":1,"minecraft:spruce_sapling":4,"minecraft:spruce_log":19},"minecraft:custom":{"minecraft:time_since_rest":414,"minecraft:open_chest":1,"minecraft:play_time":8413,"minecraft:sprint_one_cm":20548,"minecraft:deaths":1,"minecraft:damage_taken":260,"minecraft:walk_one_cm":29022,"minecraft:drop":1,"minecraft:jump":60,"minecraft:damage_dealt":130,"minecraft:leave_game":1,"minecraft:time_since_death":371,"minecraft:play_record":1,"minecraft:total_world_time":8413,"minecraft:damage_dealt_absorbed":18,"minecraft:fall_one_cm":963,"minecraft:fly_one_cm":115718},"minecraft:used":{"minecraft:iron_axe":52,"born_in_chaos_v1:serpumpkinhead_m":1,"minecraft:jukebox":1},"minecraft:dropped":{"minecraft:iron_axe":1}},"DataVersion":3465}