{"stats":{"minecraft:used":{"minecraft:wooden_axe":30,"minecraft:crafting_table":1,"minecraft:wooden_pickaxe":3},"minecraft:mined":{"minecraft:grass":2,"minecraft:oak_log":26,"minecraft:stone":3},"minecraft:picked_up":{"minecraft:stick":2,"minecraft:oak_log":26,"minecraft:oak_sapling":5},"minecraft:crafted":{"minecraft:oak_button":1,"minecraft:oak_planks":104,"minecraft:crafting_table":1,"minecraft:stick":4,"minecraft:wooden_pickaxe":1,"minecraft:wooden_axe":1},"minecraft:custom":{"minecraft:time_since_rest":2622,"minecraft:crouch_one_cm":238,"minecraft:sprint_one_cm":9901,"minecraft:play_time":2622,"minecraft:damage_taken":20,"minecraft:walk_one_cm":6516,"minecraft:sneak_time":281,"minecraft:drop":1,"minecraft:jump":30,"minecraft:leave_game":1,"minecraft:time_since_death":2622,"minecraft:total_world_time":2622,"minecraft:interact_with_crafting_table":3,"minecraft:fall_one_cm":1298,"minecraft:fly_one_cm":13480},"minecraft:dropped":{"minecraft:oak_button":1}},"DataVersion":3465}