{"stats":{"minecraft:dropped":{"stalwart_dungeons:ancient_fire":1,"minecraft:iron_axe":1,"securitycraft:keypad_chest":2},"minecraft:mined":{"minecraft:spruce_log":43,"minecraft:powder_snow":1,"minecraft:stripped_spruce_log":1},"minecraft:picked_up":{"minecraft:stick":2,"born_in_chaos_v1:serpumpkinhead_m":1,"born_in_chaos_v1:ethereal_spirit":1,"stalwart_dungeons:ancient_fire":2,"born_in_chaos_v1:dark_rod":1,"minecraft:nether_brick":17,"minecraft:stripped_spruce_log":1,"minecraft:spruce_sapling":4,"minecraft:spruce_log":19,"securitycraft:keypad_chest":2,"epicfight:iron_longsword":1,"minecraft:iron_axe":1,"minecraft:rotten_flesh":4,"minecraft:iron_ingot":1,"minecraft:blaze_rod":8},"minecraft:custom":{"minecraft:time_since_rest":17264,"minecraft:sprint_one_cm":63736,"minecraft:damage_taken":280,"minecraft:walk_one_cm":101901,"minecraft:mob_kills":12,"minecraft:drop":4,"minecraft:damage_dealt":3984,"minecraft:play_record":1,"minecraft:damage_dealt_absorbed":41010,"minecraft:fly_one_cm":504408,"minecraft:open_chest":2,"minecraft:play_time":25263,"minecraft:deaths":1,"minecraft:jump":131,"minecraft:leave_game":1,"minecraft:time_since_death":17221,"minecraft:total_world_time":25263,"minecraft:fall_one_cm":963},"minecraft:killed":{"stalwart_dungeons:nether_wart_cocoon":1,"born_in_chaos_v1:dark_vortex":1,"stalwart_dungeons:giddy_blaze":8,"born_in_chaos_v1:zombie_bruiser":1,"stalwart_dungeons:nether_keeper":1},"minecraft:used":{"born_in_chaos_v1:supreme_measure":8,"stalwart_dungeons:nether_keeper_spawn_egg":1,"epicfight:skillbook":3,"minecraft:iron_axe":52,"securitycraft:keypad_chest":1,"stalwart_dungeons:tungsten_sword":36,"epicfight:iron_longsword":23,"born_in_chaos_v1:serpumpkinhead_m":1,"stalwart_dungeons:giddy_blaze_spawn_egg":1,"minecraft:jukebox":1}},"DataVersion":3465}