{"stats":{"minecraft:used":{"minecraft:wooden_axe":31,"minecraft:apple":2,"minecraft:stone_pickaxe":15,"minecraft:oak_planks":2,"minecraft:wooden_pickaxe":13,"minecraft:stone_axe":109,"minecraft:crafting_table":2,"epicfight:stone_spear":15},"minecraft:mined":{"minecraft:tuff":1,"minecraft:crafting_table":2,"minecraft:grass":6,"minecraft:grass_block":4,"minecraft:oak_log":116,"minecraft:stone":27,"minecraft:oak_planks":2,"minecraft:oak_leaves":2},"minecraft:picked_up":{"minecraft:wooden_axe":2,"epicfight:stone_spear":4,"minecraft:stick":14,"minecraft:crafting_table":4,"minecraft:wooden_pickaxe":2,"minecraft:porkchop":3,"minecraft:tuff":3,"minecraft:oak_log":236,"minecraft:dirt":8,"minecraft:apple":4,"minecraft:stone_axe":4,"minecraft:stone_pickaxe":4,"born_in_chaos_v1:spiny_shell":3,"minecraft:oak_button":3,"born_in_chaos_v1:rotten_fish":1,"minecraft:oak_sapling":23,"minecraft:oak_planks":172,"minecraft:mutton":6,"minecraft:cod":2,"minecraft:white_wool":3,"minecraft:cobblestone":49},"minecraft:crafted":{"epicfight:stone_spear":2,"minecraft:oak_planks":104,"minecraft:crafting_table":1,"minecraft:stick":16,"minecraft:wooden_pickaxe":1,"minecraft:stone_pickaxe":2,"minecraft:wooden_axe":1,"minecraft:stone_sword":2,"minecraft:oak_button":1,"minecraft:stone_axe":2},"minecraft:custom":{"minecraft:time_since_rest":2494,"minecraft:sprint_one_cm":68225,"minecraft:damage_taken":630,"minecraft:walk_one_cm":46409,"minecraft:mob_kills":5,"minecraft:drop":1,"minecraft:damage_dealt":490,"minecraft:swim_one_cm":19971,"minecraft:interact_with_crafting_table":6,"minecraft:fly_one_cm":84165,"minecraft:crouch_one_cm":4149,"minecraft:play_time":13184,"minecraft:deaths":2,"minecraft:sneak_time":789,"minecraft:walk_under_water_one_cm":3071,"minecraft:jump":234,"minecraft:walk_on_water_one_cm":734,"minecraft:leave_game":2,"minecraft:time_since_death":2461,"minecraft:total_world_time":13184,"minecraft:fall_one_cm":7267},"minecraft:dropped":{"minecraft:oak_button":1},"minecraft:killed":{"minecraft:sheep":1,"minecraft:pig":1,"minecraft:cod":2,"born_in_chaos_v1:thornshell_crab":1},"minecraft:killed_by":{"born_in_chaos_v1:thornshell_crab":2}},"DataVersion":3465}