{"stats":{"minecraft:dropped":{"stalwart_dungeons:ancient_fire":1,"minecraft:dirt":1,"minecraft:iron_axe":1,"securitycraft:keypad_chest":2},"minecraft:killed_by":{"born_in_chaos_v1:nightmare_stalker":1},"minecraft:mined":{"minecraft:mud":1,"minecraft:spruce_log":43,"minecraft:stripped_spruce_log":1,"minecraft:mangrove_roots":3,"minecraft:powder_snow":19,"minecraft:grass":1,"minecraft:acacia_log":19,"minecraft:grass_block":3,"minecraft:dirt":3},"minecraft:picked_up":{"minecraft:mud":1,"minecraft:stick":7,"born_in_chaos_v1:monster_flesh":1,"born_in_chaos_v1:serpumpkinhead_m":1,"minecraft:acacia_log":19,"born_in_chaos_v1:ethereal_spirit":1,"stalwart_dungeons:ancient_fire":2,"minecraft:string":2,"minecraft:oak_log":1,"born_in_chaos_v1:dark_rod":1,"minecraft:nether_brick":17,"minecraft:stripped_spruce_log":1,"minecraft:spruce_sapling":4,"minecraft:spruce_log":19,"securitycraft:keypad_chest":2,"epicfight:iron_longsword":1,"minecraft:spider_eye":1,"minecraft:dirt":7,"born_in_chaos_v1:monster_skin":1,"minecraft:iron_axe":1,"born_in_chaos_v1:intoxicating_decoction":2,"minecraft:rotten_flesh":13,"minecraft:wheat_seeds":2,"minecraft:iron_ingot":2,"minecraft:mangrove_roots":3,"minecraft:blaze_rod":8},"minecraft:custom":{"minecraft:time_since_rest":18168,"minecraft:sprint_one_cm":186572,"minecraft:damage_taken":755,"minecraft:walk_one_cm":265141,"minecraft:mob_kills":18,"minecraft:drop":5,"minecraft:damage_dealt":5805,"minecraft:play_record":1,"minecraft:damage_dealt_absorbed":41278,"minecraft:swim_one_cm":189936,"minecraft:fly_one_cm":1304971,"minecraft:open_chest":4,"minecraft:crouch_one_cm":531,"minecraft:play_time":60014,"minecraft:deaths":2,"minecraft:sneak_time":619,"minecraft:walk_under_water_one_cm":56114,"minecraft:jump":456,"minecraft:interact_with_blast_furnace":1,"minecraft:leave_game":2,"minecraft:time_since_death":18086,"minecraft:walk_on_water_one_cm":25200,"minecraft:total_world_time":60014,"minecraft:climb_one_cm":5026,"minecraft:fall_one_cm":8500},"minecraft:killed":{"enemyexpansion:ladybug":1,"minecraft:zombie":2,"born_in_chaos_v1:dread_hound":1,"stalwart_dungeons:nether_wart_cocoon":1,"born_in_chaos_v1:dark_vortex":1,"stalwart_dungeons:giddy_blaze":8,"born_in_chaos_v1:zombie_bruiser":2,"stalwart_dungeons:nether_keeper":1,"born_in_chaos_v1:zombie_clown":1},"minecraft:used":{"minecraft:trident":8,"stalwart_dungeons:nether_keeper_spawn_egg":1,"born_in_chaos_v1:supreme_measure":8,"minecraft:mud":1,"minecraft:netherite_sword":7,"epicfight:skillbook":3,"minecraft:iron_axe":80,"securitycraft:keypad_chest":1,"born_in_chaos_v1:intoxicating_decoction":1,"epicfight:iron_longsword":23,"minecraft:iron_helmet":1,"stalwart_dungeons:tungsten_sword":36,"born_in_chaos_v1:serpumpkinhead_m":1,"minecraft:iron_chestplate":1,"minecraft:dirt":3,"stalwart_dungeons:giddy_blaze_spawn_egg":1,"minecraft:jukebox":1}},"DataVersion":3465}