{"stats":{"minecraft:mined":{"minecraft:furnace":2,"minecraft:birch_log":8,"minecraft:birch_leaves":2,"minecraft:crafting_table":4,"minecraft:grass":1,"minecraft:grass_block":15,"minecraft:oak_log":29,"minecraft:coal_ore":20,"minecraft:cobblestone":1,"minecraft:stone":152,"minecraft:oak_planks":1},"minecraft:killed":{"minecraft:sheep":3},"minecraft:picked_up":{"minecraft:birch_log":8,"minecraft:crafting_table":4,"minecraft:oak_log":29,"minecraft:dirt":11,"minecraft:gray_wool":1,"minecraft:oak_sapling":3,"minecraft:coal":20,"minecraft:mutton":6,"minecraft:oak_planks":1,"minecraft:white_wool":2,"minecraft:cobblestone":153,"minecraft:furnace":2},"minecraft:crafted":{"epicfight:stone_spear":1,"minecraft:charcoal":5,"minecraft:crafting_table":2,"minecraft:stick":16,"minecraft:wooden_pickaxe":1,"minecraft:stone_pickaxe":2,"minecraft:wooden_axe":1,"minecraft:stone_sword":1,"minecraft:furnace":1,"minecraft:torch":12,"minecraft:birch_planks":32,"minecraft:stone_axe":1,"minecraft:cooked_mutton":6,"minecraft:air":0},"minecraft:broken":{"minecraft:stone_pickaxe":1},"minecraft:custom":{"minecraft:time_since_rest":16931,"minecraft:interact_with_furnace":12,"minecraft:sprint_one_cm":59730,"minecraft:walk_one_cm":49661,"minecraft:mob_kills":3,"minecraft:damage_dealt":240,"minecraft:swim_one_cm":2099,"minecraft:interact_with_crafting_table":10,"minecraft:fly_one_cm":47410,"minecraft:crouch_one_cm":22153,"minecraft:play_time":16931,"minecraft:sneak_time":4694,"minecraft:walk_under_water_one_cm":106,"minecraft:jump":117,"minecraft:leave_game":1,"minecraft:time_since_death":16931,"minecraft:walk_on_water_one_cm":298,"minecraft:climb_one_cm":12,"minecraft:total_world_time":16931,"minecraft:fall_one_cm":2775},"minecraft:used":{"minecraft:wooden_axe":41,"minecraft:cooked_mutton":2,"minecraft:stone_pickaxe":157,"minecraft:wooden_pickaxe":18,"minecraft:stone_axe":3,"minecraft:torch":4,"minecraft:cobblestone":31,"minecraft:crafting_table":5,"minecraft:furnace":2}},"DataVersion":3465}