{"stats":{"minecraft:dropped":{"minecraft:iron_axe":1},"minecraft:mined":{"minecraft:spruce_log":43,"minecraft:stripped_spruce_log":1,"minecraft:powder_snow":1},"minecraft:custom":{"minecraft:time_since_rest":5264,"minecraft:open_chest":1,"minecraft:sprint_one_cm":21490,"minecraft:play_time":13263,"minecraft:damage_taken":280,"minecraft:deaths":1,"minecraft:walk_one_cm":49223,"minecraft:drop":1,"minecraft:jump":72,"minecraft:damage_dealt":130,"minecraft:leave_game":1,"minecraft:play_record":1,"minecraft:time_since_death":5221,"minecraft:total_world_time":13263,"minecraft:damage_dealt_absorbed":18,"minecraft:fall_one_cm":963,"minecraft:fly_one_cm":177204},"minecraft:picked_up":{"minecraft:iron_axe":1,"minecraft:stick":2,"born_in_chaos_v1:serpumpkinhead_m":1,"minecraft:stripped_spruce_log":1,"minecraft:spruce_sapling":4,"minecraft:spruce_log":19},"minecraft:used":{"epicfight:skillbook":3,"minecraft:iron_axe":52,"born_in_chaos_v1:serpumpkinhead_m":1,"minecraft:jukebox":1}},"DataVersion":3465}