{"stats":{"minecraft:mined":{"minecraft:white_bed":3,"minecraft:crafting_table":4,"minecraft:grass_block":16,"minecraft:cobblestone":1,"minecraft:tall_grass":3,"minecraft:spruce_leaves":2,"minecraft:oak_planks":1,"minecraft:furnace":2,"minecraft:birch_log":8,"minecraft:iron_ore":13,"minecraft:birch_leaves":3,"minecraft:grass":2,"minecraft:coal_ore":21,"minecraft:oak_log":40,"minecraft:dirt_path":1,"minecraft:dirt":4,"minecraft:stone":158},"minecraft:killed":{"enemyexpansion:direwolf":1,"minecraft:sheep":7,"minecraft:skeleton":1,"enemyexpansion:wasp":1,"minecraft:cow":1},"minecraft:picked_up":{"minecraft:birch_log":8,"epicfight:stone_spear":1,"minecraft:crafting_table":4,"enemyexpansion:wasp_thorax":1,"minecraft:oak_log":40,"minecraft:dirt":17,"minecraft:bone":2,"minecraft:wheat_seeds":2,"minecraft:beef":1,"minecraft:azalea":4,"minecraft:oak_planks":1,"minecraft:furnace":2,"minecraft:raw_iron":13,"minecraft:white_bed":3,"minecraft:arrow":2,"minecraft:gray_wool":2,"minecraft:oak_sapling":3,"minecraft:coal":21,"minecraft:mutton":11,"minecraft:white_wool":5,"minecraft:cobblestone":159},"minecraft:crafted":{"epicfight:stone_spear":1,"minecraft:crafting_table":2,"minecraft:wooden_pickaxe":1,"minecraft:furnace":1,"minecraft:birch_planks":32,"minecraft:stone_axe":1,"minecraft:cooked_mutton":6,"minecraft:air":0,"minecraft:charcoal":5,"minecraft:stick":16,"minecraft:stone_pickaxe":2,"minecraft:wooden_axe":1,"minecraft:stone_sword":1,"minecraft:torch":12},"minecraft:broken":{"minecraft:stone_pickaxe":1},"minecraft:custom":{"minecraft:interact_with_furnace":12,"minecraft:mob_kills":11,"minecraft:interact_with_crafting_table":10,"minecraft:leave_game":3,"minecraft:time_since_death":33842,"minecraft:sleep_in_bed":1,"minecraft:climb_one_cm":12,"minecraft:time_since_rest":3518,"minecraft:sprint_one_cm":193753,"minecraft:damage_taken":470,"minecraft:walk_one_cm":156212,"minecraft:drop":4,"minecraft:damage_dealt":1059,"minecraft:swim_one_cm":9743,"minecraft:fly_one_cm":152690,"minecraft:open_chest":3,"minecraft:crouch_one_cm":24249,"minecraft:play_time":33842,"minecraft:sneak_time":5411,"minecraft:walk_under_water_one_cm":2308,"minecraft:jump":498,"minecraft:interact_with_blast_furnace":1,"minecraft:walk_on_water_one_cm":5437,"minecraft:total_world_time":33842,"minecraft:fall_one_cm":12212},"minecraft:dropped":{"minecraft:oak_log":31,"minecraft:cobblestone":36,"minecraft:apple":7,"epicfight:stone_spear":1},"minecraft:used":{"minecraft:cooked_mutton":6,"minecraft:stone_pickaxe":184,"minecraft:wooden_pickaxe":18,"minecraft:torch":6,"minecraft:crafting_table":5,"minecraft:white_bed":1,"epicfight:stone_spear":20,"minecraft:wooden_axe":41,"minecraft:bread":6,"minecraft:stone_axe":18,"minecraft:cobblestone":31,"minecraft:furnace":2}},"DataVersion":3465}