{"stats":{"minecraft:dropped":{"stalwart_dungeons:ancient_fire":1,"minecraft:dirt":1,"minecraft:iron_axe":1,"securitycraft:keypad_chest":2},"minecraft:killed_by":{"born_in_chaos_v1:nightmare_stalker":1},"minecraft:mined":{"minecraft:mud":1,"minecraft:spruce_log":43,"minecraft:stripped_spruce_log":1,"minecraft:mangrove_roots":3,"minecraft:powder_snow":19,"minecraft:grass":1,"minecraft:acacia_log":19,"minecraft:grass_block":3,"minecraft:dirt":3},"minecraft:picked_up":{"minecraft:mud":1,"minecraft:stick":7,"born_in_chaos_v1:serpumpkinhead_m":1,"minecraft:acacia_log":19,"born_in_chaos_v1:ethereal_spirit":1,"stalwart_dungeons:ancient_fire":2,"born_in_chaos_v1:dark_rod":1,"minecraft:nether_brick":17,"minecraft:stripped_spruce_log":1,"minecraft:spruce_sapling":4,"minecraft:spruce_log":19,"securitycraft:keypad_chest":2,"epicfight:iron_longsword":1,"minecraft:dirt":7,"minecraft:iron_axe":1,"minecraft:rotten_flesh":4,"minecraft:wheat_seeds":1,"minecraft:iron_ingot":1,"minecraft:mangrove_roots":3,"minecraft:blaze_rod":8},"minecraft:custom":{"minecraft:time_since_rest":6168,"minecraft:sprint_one_cm":150612,"minecraft:damage_taken":735,"minecraft:walk_one_cm":244227,"minecraft:mob_kills":13,"minecraft:drop":5,"minecraft:damage_dealt":4194,"minecraft:play_record":1,"minecraft:damage_dealt_absorbed":41071,"minecraft:fly_one_cm":977638,"minecraft:open_chest":2,"minecraft:crouch_one_cm":531,"minecraft:play_time":48014,"minecraft:deaths":2,"minecraft:sneak_time":305,"minecraft:walk_under_water_one_cm":19054,"minecraft:jump":420,"minecraft:interact_with_blast_furnace":1,"minecraft:leave_game":2,"minecraft:time_since_death":6086,"minecraft:walk_on_water_one_cm":13369,"minecraft:total_world_time":48014,"minecraft:climb_one_cm":4856,"minecraft:fall_one_cm":8500},"minecraft:killed":{"minecraft:zombie":1,"stalwart_dungeons:nether_wart_cocoon":1,"born_in_chaos_v1:dark_vortex":1,"stalwart_dungeons:giddy_blaze":8,"born_in_chaos_v1:zombie_bruiser":1,"stalwart_dungeons:nether_keeper":1},"minecraft:used":{"stalwart_dungeons:nether_keeper_spawn_egg":1,"born_in_chaos_v1:supreme_measure":8,"minecraft:mud":1,"epicfight:skillbook":3,"minecraft:iron_axe":80,"securitycraft:keypad_chest":1,"epicfight:iron_longsword":23,"minecraft:iron_helmet":1,"stalwart_dungeons:tungsten_sword":36,"born_in_chaos_v1:serpumpkinhead_m":1,"minecraft:iron_chestplate":1,"minecraft:dirt":3,"stalwart_dungeons:giddy_blaze_spawn_egg":1,"minecraft:jukebox":1}},"DataVersion":3465}