{"stats":{"minecraft:mined":{"minecraft:white_bed":2,"minecraft:furnace":2,"minecraft:birch_log":8,"minecraft:iron_ore":13,"minecraft:birch_leaves":2,"minecraft:crafting_table":4,"minecraft:grass":2,"minecraft:grass_block":16,"minecraft:oak_log":40,"minecraft:coal_ore":21,"minecraft:dirt":4,"minecraft:tall_grass":3,"minecraft:cobblestone":1,"minecraft:stone":158,"minecraft:oak_planks":1},"minecraft:killed":{"minecraft:sheep":7,"minecraft:skeleton":1,"enemyexpansion:direwolf":1,"enemyexpansion:wasp":1},"minecraft:picked_up":{"minecraft:birch_log":8,"minecraft:crafting_table":4,"minecraft:raw_iron":13,"enemyexpansion:wasp_thorax":1,"minecraft:oak_log":40,"minecraft:white_bed":2,"minecraft:dirt":16,"minecraft:bone":2,"minecraft:arrow":2,"minecraft:wheat_seeds":1,"minecraft:gray_wool":2,"minecraft:azalea":4,"minecraft:oak_sapling":3,"minecraft:mutton":11,"minecraft:oak_planks":1,"minecraft:coal":21,"minecraft:white_wool":5,"minecraft:cobblestone":159,"minecraft:furnace":2},"minecraft:crafted":{"epicfight:stone_spear":1,"minecraft:charcoal":5,"minecraft:crafting_table":2,"minecraft:stick":16,"minecraft:wooden_pickaxe":1,"minecraft:stone_pickaxe":2,"minecraft:wooden_axe":1,"minecraft:stone_sword":1,"minecraft:furnace":1,"minecraft:birch_planks":32,"minecraft:torch":12,"minecraft:stone_axe":1,"minecraft:air":0,"minecraft:cooked_mutton":6},"minecraft:broken":{"minecraft:stone_pickaxe":1},"minecraft:custom":{"minecraft:time_since_rest":28932,"minecraft:interact_with_furnace":12,"minecraft:sprint_one_cm":150986,"minecraft:damage_taken":390,"minecraft:walk_one_cm":124037,"minecraft:mob_kills":10,"minecraft:drop":3,"minecraft:damage_dealt":959,"minecraft:swim_one_cm":9743,"minecraft:interact_with_crafting_table":10,"minecraft:fly_one_cm":124864,"minecraft:open_chest":3,"minecraft:crouch_one_cm":23619,"minecraft:play_time":28932,"minecraft:sneak_time":5084,"minecraft:walk_under_water_one_cm":2308,"minecraft:jump":416,"minecraft:interact_with_blast_furnace":1,"minecraft:leave_game":2,"minecraft:time_since_death":28932,"minecraft:walk_on_water_one_cm":5374,"minecraft:total_world_time":28932,"minecraft:climb_one_cm":12,"minecraft:fall_one_cm":9856},"minecraft:dropped":{"minecraft:oak_log":31,"minecraft:cobblestone":36,"minecraft:apple":7},"minecraft:used":{"minecraft:cooked_mutton":6,"minecraft:bread":3,"minecraft:stone_pickaxe":184,"minecraft:wooden_pickaxe":18,"minecraft:torch":6,"minecraft:stone_axe":17,"minecraft:cobblestone":31,"minecraft:crafting_table":5,"minecraft:furnace":2,"epicfight:stone_spear":18,"minecraft:wooden_axe":41}},"DataVersion":3465}