{"stats":{"minecraft:mined":{"minecraft:spruce_log":13},"minecraft:picked_up":{"minecraft:iron_axe":1,"minecraft:stick":4,"minecraft:spruce_sapling":9,"minecraft:chicken":1,"minecraft:spruce_log":37},"minecraft:custom":{"minecraft:jump":26,"minecraft:time_since_rest":6108,"minecraft:leave_game":1,"minecraft:damage_dealt":180,"minecraft:sprint_one_cm":8410,"minecraft:play_time":6108,"minecraft:damage_taken":202,"minecraft:time_since_death":6108,"minecraft:walk_one_cm":24276,"minecraft:sneak_time":11,"minecraft:total_world_time":6108,"minecraft:fall_one_cm":1591,"minecraft:fly_one_cm":1102},"minecraft:used":{"minecraft:iron_axe":16}},"DataVersion":3465}