{"stats":{"minecraft:mined":{"minecraft:coal_ore":1,"minecraft:crafting_table":1},"minecraft:picked_up":{"minecraft:stick":3,"minecraft:crafting_table":1,"minecraft:apple":7,"minecraft:oak_log":31,"minecraft:coal":1,"minecraft:flowering_azalea":1,"minecraft:cobblestone":36},"minecraft:crafted":{"minecraft:stone_sword":1,"minecraft:oak_planks":124,"minecraft:stone_shovel":1,"minecraft:crafting_table":1,"minecraft:stone_axe":1,"minecraft:stick":4,"minecraft:stone_pickaxe":1},"minecraft:custom":{"minecraft:time_since_rest":3762,"minecraft:play_time":3762,"minecraft:sprint_one_cm":22841,"minecraft:walk_one_cm":20753,"minecraft:jump":20,"minecraft:walk_on_water_one_cm":1760,"minecraft:time_since_death":3762,"minecraft:total_world_time":3762,"minecraft:fall_one_cm":418,"minecraft:interact_with_crafting_table":1,"minecraft:fly_one_cm":7072},"minecraft:used":{"minecraft:stone_axe":1,"minecraft:crafting_table":1,"minecraft:stone_pickaxe":1}},"DataVersion":3465}