{"stats":{"minecraft:mined":{"minecraft:coal_ore":2,"minecraft:dirt_path":3,"minecraft:crafting_table":1},"minecraft:killed":{"minecraft:cow":1},"minecraft:picked_up":{"minecraft:sweet_berries":7,"minecraft:stick":3,"minecraft:crafting_table":1,"epicfight:stone_spear":2,"minecraft:apple":7,"minecraft:beef":2,"minecraft:oak_log":31,"minecraft:dirt":3,"minecraft:coal":2,"minecraft:flowering_azalea":1,"minecraft:cobblestone":36},"minecraft:crafted":{"minecraft:stone_sword":1,"minecraft:oak_planks":124,"minecraft:stone_shovel":1,"minecraft:crafting_table":1,"minecraft:stone_axe":1,"minecraft:stick":4,"minecraft:stone_pickaxe":1},"minecraft:custom":{"minecraft:time_since_rest":3518,"minecraft:play_time":8672,"minecraft:sprint_one_cm":64291,"minecraft:damage_taken":160,"minecraft:walk_one_cm":45505,"minecraft:walk_under_water_one_cm":23649,"minecraft:mob_kills":1,"minecraft:drop":2,"minecraft:jump":72,"minecraft:damage_dealt":150,"minecraft:leave_game":1,"minecraft:walk_on_water_one_cm":5448,"minecraft:time_since_death":8672,"minecraft:sleep_in_bed":1,"minecraft:total_world_time":8672,"minecraft:fall_one_cm":3314,"minecraft:interact_with_crafting_table":1,"minecraft:fly_one_cm":15618},"minecraft:dropped":{"epicfight:stone_spear":2},"minecraft:used":{"minecraft:stone_axe":1,"minecraft:stone_sword":3,"minecraft:apple":1,"minecraft:crafting_table":1,"minecraft:stone_shovel":3,"minecraft:stone_pickaxe":2,"epicfight:stone_spear":1}},"DataVersion":3465}